treatment,survivors,length in mm,,,
antibiotics,0,303.6666667,,,
,1,187.2333333,,antibiotic average,
,1,464.1666667,,207.0351017,
,0,128.3,,,
,0,2.899137803,,,control average
,0,155.9448059,,,143.8202575
control,0,34.21495774,,,
,0,324.2976462,,,
,2,35.32482602,,,
,2,181.4436001,,,